{
    "name": "sink-requisition",
    "config": {
      "connector.class": "io.confluent.connect.jdbc.JdbcSinkConnector",
      "tasks.max": "1",
      "topics": "public.kafka_requisitions,public.kafka_requisition_line_items,public.kafka_status_changes,public.kafka_stock_adjustments,public.kafka_stock_adjustment_reasons",
      "connection.url": "jdbc:postgresql://reporting-db:5432/open_lmis_reporting?stringtype=unspecified",
      "connection.user": "postgres",
      "connection.password": "p@ssw0rd",
      "auto.create": "true",
      "insert.mode": "upsert",
      "pk.fields": "id",
      "pk.mode": "record_key",
      "delete.enabled": "true"
    }
}
  