{
    "name": "sink-referencedata",
    "config": {
      "connector.class": "io.confluent.connect.jdbc.JdbcSinkConnector",
      "tasks.max": "1",
      "topics": "public.kafka_commodity_types,public.kafka_geographic_levels,public.kafka_geographic_zones,public.kafka_facility_operators,public.kafka_facility_types,public.kafka_facilities,public.kafka_ideal_stock_amounts,public.kafka_lots,public.kafka_processing_periods,public.kafka_processing_schedules,public.kafka_program_orderables,public.kafka_programs,public.kafka_requisition_group_program_schedules,public.kafka_trade_items,public.kafka_rights,public.kafka_users,public.kafka_roles,public.kafka_supervisory_nodes,public.kafka_requisition_groups,public.kafka_supply_lines,public.kafka_right_assignments",
      "connection.url": "jdbc:postgresql://reporting-db:5432/open_lmis_reporting?stringtype=unspecified",
      "connection.user": "postgres",
      "connection.password": "p@ssw0rd",
      "auto.create": "true",
      "insert.mode": "upsert",
      "pk.fields": "id",
      "pk.mode": "record_key",
      "delete.enabled": "true"
    }
}
  