{
  "name": "sink-stockmanagement",
  "config": {
    "connector.class": "io.confluent.connect.jdbc.JdbcSinkConnector",
    "tasks.max": "1",
    "topics": "public.kafka_stock_cards,public.kafka_stock_card_line_items,public.kafka_stock_card_line_item_reasons",
    "connection.url": "jdbc:postgresql://reporting-db:5432/open_lmis_reporting?stringtype=unspecified",
    "connection.user": "postgres",
    "connection.password": "p@ssw0rd",
    "auto.create": "true",
    "insert.mode": "upsert",
    "pk.fields": "id",
    "pk.mode": "record_key",
    "delete.enabled": "true"
  }
}
