{
    "name": "source-requisition",
    "config": {
      "connector.class": "io.debezium.connector.postgresql.PostgresConnector",
      "tasks.max": "1",
      "plugin.name": "wal2json",
      "database.hostname": "olmis-db",
      "database.port": "5432",
      "database.user": "postgres",
      "database.password": "p@ssw0rd",
      "database.dbname": "open_lmis",
      "database.server.name": "openlmis",
      "table.whitelist": "public\\.debezium_heartbeat,requisition\\.requisitions,requisition\\.requisition_line_items,requisition\\.status_changes,requisition\\.stock_adjustments,requisition\\.stock_adjustment_reasons",
      "database.history.kafka.bootstrap.servers": "kafka:29092",
      "database.history.kafka.topic": "openlmis",
      "slot.name": "dbz_requisition",
      "heartbeat.interval.ms": 3000,
      "heartbeat.action.query": "CREATE TABLE IF NOT EXISTS debezium_heartbeat (id SERIAL PRIMARY KEY, ts TIMESTAMPTZ); INSERT INTO debezium_heartbeat (id, ts) VALUES (1, NOW()) ON CONFLICT(id) DO UPDATE SET ts=NOW();",
      "transforms": "unwrap,route",
      "transforms.unwrap.type": "io.debezium.transforms.ExtractNewRecordState",
      "transforms.unwrap.drop.tombstones": "false",
      "transforms.unwrap.delete.handling.mode": "none",
      "transforms.route.type": "org.apache.kafka.connect.transforms.RegexRouter",
      "transforms.route.regex": "([^.]+)\\.([^.]+)\\.([^.]+)",
      "transforms.route.replacement": "public.kafka_$3"
    }
  }
