<configuration>
    <include resource="org/springframework/boot/logging/logback/base.xml" />

    <appender name="SYSLOG" class="ch.qos.logback.classic.net.SyslogAppender">
        <syslogHost>log</syslogHost>
        <facility>LOCAL0</facility>
        <suffixPattern>[%15.15thread] %level %logger %msg</suffixPattern>
    </appender>

    <logger name="org.openlmis.auth" level="DEBUG" additivity="false">
        <appender-ref ref="SYSLOG"/>
    </logger>

    <logger name="org.openlmis.cce" level="DEBUG" additivity="false">
        <appender-ref ref="SYSLOG"/>
    </logger>

    <logger name="org.openlmis.fulfillment" level="DEBUG" additivity="false">
        <appender-ref ref="SYSLOG"/>
    </logger>

    <logger name="org.openlmis.notification" level="DEBUG" additivity="false">
        <appender-ref ref="SYSLOG"/>
    </logger>

    <logger name="org.openlmis.referencedata" level="DEBUG" additivity="false">
        <appender-ref ref="SYSLOG"/>
    </logger>

    <logger name="org.openlmis.report" level="DEBUG" additivity="false">
        <appender-ref ref="SYSLOG"/>
    </logger>

    <logger name="org.openlmis.requisition" level="DEBUG" additivity="false">
        <appender-ref ref="SYSLOG"/>
    </logger>

    <logger name="org.openlmis.stockmanagement" level="DEBUG" additivity="false">
        <appender-ref ref="SYSLOG"/>
    </logger>

    <logger name="org.openlmis.buq" level="DEBUG" additivity="false">
        <appender-ref ref="SYSLOG"/>
    </logger>

    <!-- Define the root logger log level -->
    <root level="WARN">
        <appender-ref ref="SYSLOG"/>
    </root>
</configuration>
